扩散,1
收效,1
切牙,49
含漱法,1
欧柏宁组,2
反弹,1
拆,3
于牙,1
洞,4
健康,186
甘露,6
优势,25
肟,1
妊娠,1
吐,1
败毒,3
金黄色,1
新增,3
常州市,1
后龈,2
必兰,1
施药,6
论文,3
第二军医大学,1
永修县,1
同法,2
例牙列,5
氮,8
热压,9
随机对照,10
对牙体,1
口干症,1
针药组,3
正品,4
三种,17
一段时间,3
前低,1
大青叶,1
孕妇,6
人民,12
铂,10
呼和浩特,1
光华,1
令皮欣,2
条,3
自我管理,4
含漱能,2
皆,2
顽固性,16
开喉,12
率经,1
下颌,78
优越性,4
负,5
坐位,1
勇气,1
计划,9
吸吮,13
社交,1
抽取,21
所致,39
不易,3
压疮,8
多点,4
胃内,1
敌对,1
喉癌,13
相,9
阻生牙,17
素高捷疗,1
皮瓣,24
组晨起,1
唇,6
急救,2
哭闹,4
均值,1
流量,3
仪对,1
有无,11
但经,1
天引,1
庆大霉素,17
实训,10
高敏,1
酒精,1
组总,102
固化,2
组仅,3
凸距,25
份,1
补液,3
咪唑,16
钙,5
复发性,353
引发,15
危险性,2
肌肌电,2
残根,20
舌癌,8
粘结,4
龋坏,1
尝试,1
合谷,1
肠内,7
降温,1
乳牙,9
签字,2
愈合,258
覆于,1
心,1
期中,5
热疗,6
颊,14
肝肾,1
合理性,1
氟化钠,1
转重,1
脱位,7
棉球,29
适度,1
咬伤,1
吸入性,14
寻找,1
离室,1
整复,31
肌围,1
闭合,2
例因,1
窝沟,28
合格率,4
恶性,4
聚维酮,14
细菌,62
意,1
类似,1
伤牙,1
委员会,3
病患,12
压力,1
用于,97
学,4
伴牙列,19
淡盐水,1
单次,2
颌,10
平整,10
伴发,2
癌症,1
平均,136
务必,1
组对,8
闭经,1
收入,2
住院治疗,6
病程,32
冠在,1
抽搐,2
住院,132
完善,3
橡皮障,4
不锈钢板,1
对策,12
西吡氯胺,2
切皮时,2
按区,1
舌下腺,4
射频,28
越,4
笔者,10
介入,1
牙槽,14
胸,4
除术,3
智牙,5
移植,22
两组,1653
平均年龄,3
评级,2
牙线,2
空腔,1
导向,4
埋伏牙,1
特发性,7
龙,13
操作手册,1
入住,5
潜伏期,1
断冠,4
白芍,18
感受,2
羧甲,3
有助于,19
收集,20
缘,2
牙槽骨,11
教育,112
妇幼,1
组术,1
严重者,2
特级,1
暴露,8
比值,3
适宜,9
反生,1
吉林省,1
振动,4
连服,3
面部,22
茶叶,5
形状,1
速效,5
结扎,12
银连,2
口腔,3835
体与球,3
血栓,1
伴骨量,1
健康人,4
理念,10
妇幼卫生,1
变为,1
片,138
无力,3
预后,21
神经管,2
普通型,11
半小时,1
窦,12
牙胚,7
实用性,1
保证,6
近期,26
糖化,1
过敏,1
可能性,2
而增,1
电视,1
持续时间,10
疱疹,115
前用,4
临床试验,7
负担,4
气,10
单磷酸,15
高于,554
我院,371
两种,92
成活,3
圈,2
口腔医学,29
泼尼松,17
减慢,2
消溃,1
聚糖,6
例,2925
干细胞,13
卡局,2
考检,1
双线,6
效及,1
组失活,1
当日,5
元素,1
谵妄,5
同一时间,1
气涡轮,4
邢台,1
甘油,2
咽,17
运动,32
伴牙合龈,1
芦根,1
畅,2
组则,26
完成率,1
循,1
头孢曲松,4
置入,12
一长,3
肌胞,1
如实,1
压缩,1
糊涂,1
肛门,1
口香糖,13
组选冠,1
上臂,1
现有,3
蕴热型,1
本科生,8
张,1
阳性率,23
蛋白酶,3
乳酸,2
追踪,2
污渍,2
分压,1
新液,136
龈切除术,2
血去,4
中及,5
哌唑,34
质量,140
处置,2
考察,2
吉林,1
有序,1
新,31
左奥,8
山药,2
大同市,1
属,9
山茱萸,1
策略,3
口内支抗,1
自制,53
低位,13
辨证,25
放射性,185
中西,5
为良,2
双频,1
抗菌剂,2
口洁素,10
共情,3
性佳,1
找出,1
该组,1
酪蛋白,3
通用,1
率均,15
解放军,3
丹皮,1
厦门大学,1
口腔粘膜,48
根冠,1
金玉,4
长征医院,1
浓,8
多西,9
占据,3
吸收,24
表征,1
维,4
理论依据,5
生存期,4
急诊科,3
发表,3
五味子,5
单牙,1
通气,82
规律,2
入组,3
味觉,9
防治,105
即可,2
平衡,10
维护,22
排龈,9
痛快,1
粘附,2
粘贴,12
葡萄糖,9
下均,1
并行,4
双赢,1
多饮水,1
左右侧,3
解剖,1
口腔科,92
多种,7
均行,9
血液科,1
性状,1
美容,34
腹泻,13
最优,2
皮,2
糊剂,11
煎剂,11
包,4
旨在,4
钩,4
偏执,1
法为,1
半边莲,4
组多为,1
近取,1
喷涂,4
成膜,4
金属材料,2
危儿,5
后口,2
细菌学,4
浓缩,1
基础性,1
拍,2
生物,14
药疹,4
导管,18
心理咨询,3
腺体,2
根治性,7
圆锥,6
大蒜素,9
交叉,2
毛玻璃,1
海棉,1
静滴,1
呕吐,19
排齐,14
腰,3
嵴,7
立体,1
和谐,2
合用,8
引组,1
入院,33
整群,9
陶瓷材料,8
瘟,4
控制率,3
年级,1
半口,5
气道,18
次,199
容器,1
碳酸氢钠,57
哌拉,1
防治效果,8
显著效果,3
肌酸激酶,2
上加予,1
∶,11
人才培养,1
框架,1
肢动,1
年来,1
好坏,2
科学合理,1
抛,1
投诉,1
转移率,3
念珠菌,61
晚期,10
病患者,33
证实,1
延迟,1
汁,1
中抗,4
系,2
复合体,4
虚证,1
营养性,8
异常,17
抬高,4
红斑狼疮,4
反角,8
海绵,7
混合液,8
激光,37
情况,498
钉,17
佐治,3
两颊,1
脉冲,6
积极主动,1
乳白色,1
牙合龈,6
正畸,556
顶,3
优质,56
残留物,4
氟美松,1
劈,3
贝赫切,4
复合,50
喷敷,1
密度,1
喷射,1
上前,18
钛镍丝,1
使用量,2
扫描,5
龋面,2
饭后,4
大大缩短,2
上消化道,4
上加用,44
舒,5
普瑞,10
胃肠,1
黄埔区,1
易致,1
奇偶,3
周后,39
论治,1
结果表明,3
同工酶,1
三组,67
垂直性,4
例腺样,1
烤瓷,32
及托槽,1
笔试,1
活动期,3
例牙体,1
药液,2
放疗,185
先后顺序,6
耐受性,3
穿刺,12
比高,1
退热,39
均分,1
脱出,1
治,2
散合,2
减量,1
相关检查,1
呻吟,1
丙种球蛋白,4
占,36
麻醉,190
单数,1
组口期,1
脱氢酶,2
磷,4
人为,1
环境,10
糊状,3
倾斜,6
常规,588
后遗,4
成组,1
Ⅳ,24
黑色素瘤,4
分值,8
为期,3
碘伏能,1
氧化钴,3
社会,8
初步,4
聚,1
相比,105
变化,135
多瑞吉,4
间于,1
伴可摘,1
需做,1
六味地黄,6
计数,31
尚可,2
前来,1
公办,1
观看,1
密切配合,2
医生,13
复位,11
面颊,3
押题,1
脊柱炎,1
中重度,13
知柏,4
口面,1
于牙列,1
患部,2
雪口病,3
上额,4
吞服,1
记录,74
后取,1
相机,1
岁,61
羟基,6
异种,1
行法米,1
延长,28
分成,175
氧,8
外科手术,25
酸氯,4
及术,3
增强,19
上宜,1
多糖,24
瘫痪,5
相通,4
钻,5
无视,1
存留,6
胆南星,1
常规性,1
例恒,1
下唇,1
熟地,1
上呼吸道,1
不良情绪,3
组口,3
排气,2
清胃,7
较西地,1
吸引,36
配合,123
武警,1
反射性,1
集体,4
发黑,1
组将,3
类比,1
平阳,11
肌法,4
专家组,3
讨论,4
方及,1
靶点,2
悬雍垂,2
初始,1
放化疗,31
评价,182
上颌骨,7
感染,394
睡眠,19
价值,185
全口义齿,5
丸,8
适用性,2
刷,7
疗效,1384
类型,5
诊治,25
器为,1
广西,2
后全,1
上颌牙,1
定泵注,2
偏红,1
八周,1
原始,1
塑形,4
替尼,1
额外,1
氟化,22
半坐,1
额,2
综合征,37
咬颌,1
三周,1
次数,18
组先,1
视觉,22
状型,1
手机,8
毕至,2
葛根芩,4
建议,7
及及,2
障碍,54
自锁托槽,1
置于,2
阜新市,1
例数,48
清除,21
详细,3
皮质激素,11
婴幼儿,23
高压,3
晨起,1
腺癌,3
焦虑,66
两年,2
医师,7
鼻窦,1
保存率,5
红细胞,2
舌质,2
更大,4
访视,1
价格低廉,2
地向,1
磷酸钙,3
无托槽,8
脓,1
开放式,3
白赛,1
标本,4
机械性,1
中医学,7
实验室,10
相仿,1
对侧,2
带上,4
根根管,2
教学质量,4
更能,2
期末,2
舒适感,5
指导意义,3
此法,2
字型,2
青岛,1
斑膜,2
结膜,1
线机,1
组乳凝块,1
解决,4
碳纤维,1
对术区,1
优良率,24
托烷,1
含咽,2
将术,1
甙,4
成年人,1
社区,22
汀,4
变色,5
炎症,48
预,1
多发,3
南开,1
半流质,1
特诊科,1
剥离,1
水,13
人口学,1
冠式,2
伺服,4
下睑,4
男,9
比赛,5
组丙泊酚,1
外涂,11
稍长,1
全程,23
性病变,1
海棠,2
领域,1
胶布,5
醇,2
周骨,2
组经,5
抗体,1
磷灰石,5
火旺,10
植骨,14
抗感,2
液及,1
提倡,1
碘伏,13
制式,1
夹角,1
首次,19
延后,1
查找,4
模拟,19
颜面,1
下经,11
点滴,4
炽盛,3
互助,9
环切,3
收住,1
加湿,4
抗肿瘤,2
基牙,16
时泵注,2
审美,1
岣,1
变得,1
枪,5
前景,4
牙创,4
隐蔽性,3
老师,5
例阿弗,1
转,1
积极性,3
长久,1
选取,485
伽玛刀,1
含冰,1
优于,384
碘甘油,28
喉部,1
至术,1
配伍,5
原抗,1
烟台市,1
优先,1
静脉滴注,19
积累,1
荚膜,1
营养状况,11
人工,11
形式,3
角化,1
蒸证,1
总分,8
脱管率,2
组在,189
片能,1
广东省,3
疲乏,2
大大减少,1
优缺点,4
合化,1
带状,2
技巧,1
配对,4
表,31
五个,1
氯胺酮,6
途径,1
引能,1
拆除,3
菌数,1
牙龈,155
遏止,1
区,11
楔状缺损,3
充分调动,1
肠炎,4
贫血,2
带蒂,1
晚于,3
重建法,1
生物膜,5
区分,2
外科病人,1
显,18
挥发性,1
期较,1
藓,1
辖区,1
心烦,2
躯体,4
两个,7
膏,13
裴氏,4
视诊,1
相关性,5
降低,264
下牙,1
牙髓失活,1
甲级,1
嗜睡,5
采取有效,2
精确度,4
治疗法,3
面对,3
放置,6
Ⅵ,1
枚,3
雷尼替丁,13
探诊,51
胶体,2
凉血,4
胶丸,4
骨性,2
过氧化氢,19
磷酸,9
例后,1
孕前,2
整形手术,4
龈,29
切口,33
硅烷,1
大学,2
鼻饲,21
基因,8
出血,75
邻间,4
山豆根,1
硫化物,1
发放,2
颜色,14
例初治,1
指导,36
需在,1
远远,7
名为,2
增多,4
可比性,2
某院,4
配置,2
戊乙奎醚,10
比率,14
七氟醚,5
坏死,14
不佳,2
消融,1
海宁市,1
方案,57
负重,5
机,1
显象,5
癌,6
始终,1
杀灭,1
奶量,4
渗出,2
循经,1
皮层,4
血小板,5
止痛药,1
夹板,31
治愈率,50
医患,5
样本,1
新净界,5
镍铬,6
线片,3
口腔癌,64
做,20
氯化钠,25
仪在,2
生理性,1
顺铂,11
位,3
针对性,10
至关重要,1
多形性,5
急性,85
感染率,43
对外,2
组要,1
血,1
内邻牙,1
氯诺,4
九味,3
安全感,1
型,142
纵向,3
类风湿,1
时用,2
引,4
氯己,57
变量,1
血症,1
疾病,68
参加,2
切除术,23
植牙,1
口角炎,5
好转,17
真,1
意愿,2
行为表现,1
行七氟醚,1
微创,17
示范,3
体温,13
颗粒,33
神经外科,3
活性,16
间,49
伤口,28
链,1
片加,2
导师,1
状况良好,4
征,2
瓷率,1
出生,3
无糖,4
可知,3
模型,11
探针,2
经颅,2
优,9
早,12
研究组,241
日至,2
获益,2
失败,6
经耳后,1
上将,1
外部,2
舒松,4
内袋,1
体积,3
充填,21
利培酮,8
卡介苗,4
埃希菌,1
剂型,2
鼻行,4
评表,1
好评,1
经鼻,2
三维重建,4
麻油,1
嘱,1
凝,4
抵抗力,1
强迫,1
苯妥英钠,1
喷洒,8
入选,6
血浆,13
中应,2
列缺,4
毒副,1
同年龄组,1
形象化,4
心血管,2
康惠尔,1
法后,1
恒前,1
牙根,15
肺内,1
外周,4
酸痛,1
口咽,16
利于,4
分泌,2
宣教,51
数字化,5
法在,13
探讨,612
吉林市,2
甲乙,1
具体情况,6
课堂教学,2
展开,5
非传统,4
平稳,1
腰背,1
产道,2
遗漏,5
外周血,5
Ⅱ,57
双重,3
尾号,3
动手,1
加,40
耶鲁,1
风湿,4
涂药,1
号方,4
前,352
前列腺素,1
消化科,1
俩,1
病例,38
顶部,3
高频,4
组胃,1
努力,1
灭菌,3
显著性,94
为舌部,1
一清,4
造血,11
鼓励,3
双氧水,26
胰腺癌,4
截取,1
自控,5
使用率,4
检索,1
中,1105
数据分析,1
证型,3
可比,1
早产儿,34
体重增加,4
体检,3
术者,1
钛合金,3
时代,1
例异,1
瑞,5
膀胱,1
服四物解,1
好发,1
中西药,13
症,14
制作,6
胸片,1
幽门,12
实用,4
未见,9
戊,4
适于,3
行为习惯,3
紊乱,2
法编,1
骨,93
消化,1
门诊部,3
嘎木珠尔,4
双氟,1
收治,364
滴注,1
弓为,1
高,168
含漱及,1
模式,81
膏涂,1
医院,72
温州市,1
班,2
效检均,1
部,8
卧床,16
新克,1
翻转,4
示,1
导致,18
强的松,9
牙周,229
管脱,1
覆牙合,1
供参考,1
天后,8
简捷,1
鼻蝶,1
口轻,1
过程中将,1
液内,2
顺行,1
养阴,7
连梅,4
减轻,98
随机数,8
氧化锆,9
级别,4
牙病,3
酸钠,5
头孢类,1
较术,3
家长,38
数,27
牙内收,3
电动牙刷,2
资,1
银杏叶,4
顺德区,1
氯,25
紫杉醇,1
强直,1
蘸,6
施护,3
瓷,8
口角,4
计分,2
超氧化物,3
双肺,1
限度,2
冷光,4
苦瓜,1
创伤,14
主要症状,3
老中医,1
组不,3
均铖,1
塞克,4
酶,23
手器,8
利尔,1
男女,1
二重,2
三维,15
翼,5
头痛,7
第一组,5
已定,25
例牙,2
洁治后,1
第二组,5
组骨,1
更为理想,2
协调,2
情绪,21
周期性,1
食物,11
循环,2
无痛,25
统计,42
冰黄,1
开放,7
理想,30
规范化,2
卤米,1
山,7
冠体,1
厂家,1
专业培训,1
天内,2
脱落,29
葡萄球菌,7
不植骨,5
排列,5
咳嗽,11
恢复正常,11
赤壁市,1
异常情况,4
组和贯,1
颗牙,21
基转移酶,2
寻求,1
脉搏,1
刺络拔,4
神经节,8
见效快,4
基质,3
生地,5
不良现象,4
糖尿,1
黄精,2
吸中,2
变厚,2
霉菌,18
射线,1
成功率高,8
新型,10
制度,1
牵伸,8
环素,23
颗牙中,2
分层,4
血糖值,4
全冠,9
护理液,59
曲线,2
昏迷,14
黄芪,13
症状,211
施压,2
暂停,9
毛孔,1
肛周,15
骨髓,8
板组,3
运动障碍,4
头模,7
血凝,4
抗病毒,11
之品,1
周均,1
多曲,4
毕,1
生理,2
评估,54
毛巾,2
口舌,1
温湿,4
破坏,2
与行,1
泄火,4
腹腔,1
支后,1
不留,1
日常,7
百分率,7
根尖,21
难治性,7
黄柏,1
组轻,1
冠桥,5
发病率,21
现,4
符合,19
胸大肌,5
用克林,1
济南军区,1
全过程,1
共性,1
出汗,4
槽,16
涂敷,2
口咽腔,1
益气汤,4
麦冬,4
双盲,12
实际效果,1
组未,2
手术室,3
失活剂,3
刻度,2
涂片,5
觉醒,2
月,1322
调拌,1
畸形,45
上合九味,1
毒性,7
深覆,4
两,17
添加,1
成本,5
溶于,1
苷,8
作品,4
沿用,1
纤维,111
组植骨,1
遵医,1
开凿,2
脸,2
外形,3
遵,1
就诊,69
判断,4
第一天,1
氧疗,8
评分,330
推荐,9
牙牙,5
例失,1
应用化学,1
死亡率,7
疣,1
分级,21
修复过程,7
简洁,2
震颤,1
芯式,2
缩小,7
较龈,1
丙组,2
浅,4
再取,1
颈部,4
至少,1
脓肿,11
氧水,4
托槽,17
斑块,1
擦洗,28
应对,2
围术期,7
组体动,1
玻璃纤维,5
浙江省,1
分配,14
食管炎,1
团队,9
回落,1
新福,4
回顾,1
训练,24
例中,2
组显,2
舒挛,4
韶关市,2
稍,1
达,13
效能,8
组取,1
洁净,4
阴性,4
管理,28
手指,4
硼砂,3
丁,14
例口源性,1
牙痛,8
实时性,1
溃疡性,16
吻合器,3
动度值,1
水平,180
吃,1
涂于,5
静坐,1
二辛,6
情感,1
消炎,16
新生儿,10
幼儿,11
改良,75
牙龈炎,78
心血管病,13
片剂,6
恶心,21
牙髓病学,1
操作前,2
护牙,3
口源性,4
合作性,1
弓,9
畏惧,15
乙组,11
躁动,10
食疗,7
后均,5
便利,2
含漱液,165
疝,1
大学生,7
卡西平,7
组合式,5
仿真,10
合力,3
甲酰,1
患牙中,1
抑制,20
修补,1
灵敏度,3
高举,2
岁者,1
剂量,69
一名,1
螺杆菌,12
与锡类,2
值相,1
大型,5
化疮,4
平片,4
仔细观察,1
组牙,3
舌,1
丹参,13
呫,4
无需,5
标号,1
恰当,1
内膜,1
水胶,2
标准型,1
行,127
乳膏,9
改良法,3
适形,8
自尊,4
间隔,8
齿科,1
精神分裂症,21
点上,1
抗凝药,2
压在,1
强化,33
多于,8
不停,3
牙印,1
螺旋,4
奥齿,1
完整,1
院区,1
不良影响,2
导入,4
石辛,10
老人,1
减小,8
阴性菌,3
研末调,1
深部,7
法能,4
慢性,84
放血,1
病期,1
骨下袋,4
功率,4
黑线,1
三通,2
湿,3
胸腔,2
脑电双,1
比均,1
尿路感染,2
自拟,28
剑,12
公布,1
金因,40
膜剂,5
等量,2
转阴,9
覆,1
贴片,21
名大中班,1
咽喉炎,4
肩部,2
抽选,3
眦,4
大小,4
组用,15
强度,12
蒲汤,3
喷敷及,1
放射治疗,44
用法,2
征候,3
鲍氏,1
异丙嗪,4
组接,1
瘢痕,3
广阔,1
桥,4
次日,1
增加率,1
例雪口,1
主症,2
潍坊,1
后咽,1
脾胃,6
异物感,2
我科行,1
灼痛,4
四物解,3
焦虑症,7
湿热型,2
测试仪,2
阳性,19
去除率,1
毒副作用,5
标准化,4
胺,36
较长,2
展示,1
转入,1
整齐,4
身心健康,1
抢救,1
弓强,4
睫毛,2
牛蒡子,1
口齿,4
时有,1
电刀,5
自锁托,10
恒,6
济安舒能,4
期为,1
中学,1
现察组,1
排除,5
测定,6
或备,1
明显提高,25
龋病,26
洗胃,13
实行,6
质控,1
有益,1
病房,10
技术,123
埋置,4
护理人员,9
防范措施,1
因素,14
片加外,1
奥洁兰,2
按约,1
温水,1
口疡,9
完美,2
口内,1
壁,1
明显增强,2
家庭,9
组依,1
抹匀,1
发烧,1
球囊,4
插入,2
条件,9
对错,3
蜂胶,8
分,84
中托槽,1
后部,1
作,4
白塞病,8
温开水,4
咽痛,5
改善生活,1
无损伤,2
痰,33
塑型,1
根治术,25
催眠,4
中山市,1
唾液,6
日间,10
正确率,3
超薄,4
力值,1
进水,5
收到,1
倾角,21
月均,1
补牙,1
内出血,1
普鲁卡因,8
唇腭裂,9
例单,1
单用,7
范畴,1
农村,6
发症,1
着色,1
天然,4
应用状况,1
野,2
修复,1040
救治,1
颌间牵引,12
中华医学会,1
淋巴管,4
方丝弓,2
消耗,1
一区,1
氟尿嘧啶,12
岁间,1
喷雾剂,46
组探诊,1
刻,1
用作,2
口唇,6
药制剂,2
现代医学,1
畅通,1
时咽,3
需行,10
洗剂,4
非常明显,3
呼吸道,10
有所改善,4
藿香,4
面角,2
轻,42
再行,1
精度,1
单侧,1
内吸,1
常识,2
吸痰,23
硬币,2
频谱,1
各不相同,1
散组,4
精氨酸,7
增量,1
洁悠神,3
检测,46
幅度,8
堵管率,1
加重,5
后移,2
臂,1
组患,1
火法,3
下龈,1
组自,1
控制性,5
持续,26
继发,6
加服,2
薄荷,3
火针,11
红斑,11
药代,1
病变,35
下餐,1
药剂,2
女性,13
认同,1
系列,1
防范,1
固定器,7
轻力,1
硫酸,1
雾化,35
奥,21
昔布,4
隐形,9
原发灶,1
玉女煎,6
皮肤过敏,3
临床表现,6
先,2
内微,3
钠溶液,3
初探,1
舍曲林,7
二次,4
排痰,6
为牙,1
岗位,1
入科,2
副作用,14
脑出血,7
卡方,2
紧张,7
压膜,4
三氯,3
哌啶,5
定期维护,9
增加,55
超短波,6
发送给,1
奠定,2
字,4
颌面部,156
增进,4
周组,2
退缩,1
加巴,38
乳头状,1
黄连,8
一体化,4
人均,3
清除率,15
点,16
创伤性,7
鳞状,1
养阴清,4
胃舒平,5
成形,8
三,14
感,6
牙刷,49
术,258
极高,1
组给,2
单一,10
化脓,1
异物,18
发生率,660
浸润,9
酮,1
氟康唑,19
早失,1
生存率,7
青少年,36
科,20
护肤,4
银,3
颧,4
不宜,1
含漱剂,5
砷,4
硫糖铝,1
增大,1
该种,3
进,1
剩余,4
领面,3
卤米松,2
七,12
重度,26
折断,10
评判,2
药粉,1
爱护,1
溶,5
防嵌器,1
四川,2
治疗仪,2
≥,2
普食,2
原因,14
舒适度,69
卫,1
睡前,3
调,9
证,5
断层,1
应,22
统一,1
培训,22
装置,4
定量,4
错位,1
分类,5
稳固,4
之间,32
摘取,1
气管,129
茯苓,3
菌群,2
编号,5
抗霉方,4
漱口水,13
拔除,62
腭,13
外冠,2
本文,7
住,2
吞咽,71
细小,1
泻,12
减少,208
颈淋巴,3
非常适合,1
病原菌,5
强直性,1
国际,1
江苏省,1
较差,2
喂养,64
协同,2
意外事件,3
冠周炎,21
优点,13
石家庄,1
牙间隙,3
后牙槽,3
供区,2
心电监护,1
刮治,28
取下,1
凝胶,37
裂钻,6
此类,1
病死率,5
原发性,36
肿瘤外科,2
故该,1
周为,4
复方,145
数码,5
最佳,12
健脾,5
学号,1
关系,14
原理,2
兰香,3
专业本科,2
确炎,4
心脾,7
要少,1
内术,1
组向,1
液体,7
度均,3
断层扫描,1
联体,4
围,26
获得理想,1
干湿,2
压塑,4
接收,15
以火针,1
专业,35
项目,7
北美,1
烤瓷牙,7
义齿,86
更换,7
霉素,22
华素,11
空白,2
仪行,3
天为,6
植入术,6
附院,2
口干燥症,1
泡沫,23
排便,2
颊脂垫,1
红霉素,4
内镜,19
巨噬细胞,1
机体,8
完整性,1
林对,1
集束,8
舍曲林片,1
咽组,6
种类,3
液行,2
齿槽,2
用微,3
预防性,3
刺,2
投币,1
股前,5
生地黄,2
器材,1
动度,1
啰,1
手法,15
不良反应,427
对位,1
清创术,4
造口,4
双料,5
高度,16
可行,3
营养不良,4
组咽,6
免疫科,4
活跃性,1
操作过程,1
兰州市,1
心理治疗,2
差于,1
组,3536
此基础,42
钻机,6
行异,1
散贴,4
上颌,60
排序,2
皂苷钠,3
总有率,1
保守,2
用锡类,1
甘草酸,8
功效,5
长度,7
在内,1
束,2
水为,1
非大,1
几丁质,7
制定,7
颌面,114
条纹,1
支架,9
奇数,2
硫酸钙,4
黏附,4
最优化,1
相互,1
表将,2
中切,1
插管,235
自行,2
将牙列,1
或牙,1
刺激性,6
不适,26
化学法,1
防误,2
不动,1
在术,1
收,1
偏差,3
舒张压,8
开唇,1
经济,2
节,6
终将,1
定植,11
洗,3
涂抹,23
石膏,3
远中,4
治疗率,3
黏膜,316
数及,2
名,48
涂布,6
周及,5
升高,44
后及,2
前均,16
正气水,3
碘涂,1
病理,7
法在经,1
作出,1
组加服,1
牙尖,2
直径,2
四项,3
荧光,2
值较,4
多发性,3
前未行,1
改革,1
增长,3
黄芩,16
平和,2
职能,5
头部,1
尖牙,26
面数,1
抗炎,4
变化趋势,2
口腔医院,13
循环法,2
新骨,1
直丝弓,8
前及,14
氯喹,4
损区,2
洛尔,4
性别,3
常见,7
氟漆,2
折后,1
综合症,1
钠,5
时刻,4
肺部,69
计量,3
二者,16
骨间,1
发热,15
截除,1
即术,1
福建,1
现实,1
素质,3
予沙利度,1
得分,16
中浅度,1
另予,1
氨来,6
二期,3
双足,2
居,1
功能,158
药,18
口臭,87
仪排,2
首诊,2
叶酸片,2
志愿者,1
例及,3
及第,4
胆固醇,1
轻度,14
单个,2
呈,9
组加用,6
中位,4
口气,88
欲,1
下肢,1
较佳,7
甜食,3
初次,1
此病,1
重视,6
脉,1
有限公司,2
倾斜角,2
考核表,2
聚桂醇,4
例外,1
无污染,1
滥用,1
南京医科大学,1
含漱多,1
数均,1
患,20
多莫德,1
蒲,1
不定期,1
便秘,5
传统式,2
黄疸,2
缓冲,6
巴坦,1
短期内,1
润滑剂,1
消除,4
针,3
达唑仑,8
组在洁治,1
黄玄,4
牙周炎,181
值间,1
之中,1
沈阳,1
良,2
教学方式,4
民办学校,1
耗时,2
咽期,1
单独,13
受限,23
多支,1
囊肿,33
提高,375
唾液腺,9
刺血法,1
人体,4
全喉,2
拒绝,1
线头,1
接近,4
微囊,2
频率,15
药品,4
气囊,9
周内,8
宁静,1
医务人员,1
假,2
血氧,8
眩晕,1
司琼,3
白苇,4
调磨,1
取自,1
增减,2
微量,1
花费,3
耐受,8
样本量,1
操作性,3
组可,1
同侧,2
责任感,1
分开,1
受益,2
预含,4
局限,1
经济负担,2
替硝唑,48
口护,4
后牙区,5
外用,26
应力,6
介绍,1
均厚于,1
讲授,1
多乐,3
合作,9
口泰,11
血清,74
专业化,2
俞,2
骨折,60
取咽,2
对行,1
病率,1
喷锡类,1
纱条,8
月间,24
差异性,20
较长时间,2
差及,3
脑梗死,5
全国,1
空腹,5
部位,16
各类,2
截骨后,1
贴面,17
加骶麻,1
磷酸激酶,1
自然,5
二氧化碳,5
舌部,2
该科,1
空间,1
注水,1
肌电,8
链式反应,1
药师,4
偏,1
约,2
接受,204
色泽,3
热毒宁,20
白纹,1
拔牙,136
合并,45
尚,1
体位,4
因子,26
溶液,47
中波,4
相近,1
整体,43
类,15
手册,1
静脉,29
普及,8
发展,8
力,5
随机化,2
足三里,5
镶牙,5
顺序号,2
酌情,2
反,6
良药,1
昆山市,3
体崩瓷,2
渗透,1
泌乳,1
填写,3
酊,4
股份,1
一期,8
试验,368
良者,2
知信行,4
辛,1
低血压,2
左旋,7
盐水,5
羧甲基,4
内收,3
治法,1
轻微,7
为例,2
组各时,2
延迟时间,3
银荷,1
淤青,2
个病,1
高度重视,1
络合,1
黏液,8
种植区,1
美白,5
导航系统,5
外科,60
加大,3
血象,3
恒久,1
压痛,2
中医,41
予,22
前提,2
诱发,1
无牙颌,1
提示,7
龋失补牙,1
扶正,3
斑患牙,1
镇痛药,1
预计,1
组较,9
Ⅰ,35
肌肉,5
简单易行,1
低牙合龈,1
拍摄,7
例错,4
类别,1
静脉注射,6
环形,1
值,87
泡泡,4
及牙体,1
效应,14
硫醇,1
口护液,1
量表,32
期,72
清淡,1
专科,4
萌出,2
冰敷组,1
奶瓶,2
药前,3
全瓷,26
上午,1
调强,16
第三方,1
蒲地,12
临床医学,2
面后,1
多维,1
粉剂,1
明胶,7
发现,21
叩痛,1
模具,1
后待,1
转移因子,9
膜行,1
过渡性,1
甲基,1
新疆医科大学,1
数据库,1
能动性,1
缺乏,1
引火,4
龈炎,7
口周,2
谷氨酰胺,6
纠正,9
垂体瘤,4
输液,4
备洞,1
中毒,4
浓度,20
脑神经,4
中山大学,1
舌倾,1
止血剂,1
远处,4
消旋,4
低温,6
神经,47
±,385
咽后,1
法即,2
会厌,3
定性,1
上唇,1
附着,36
供选择,1
无瘤,1
感觉,9
根折,4
心理学,4
重于,1
平合人,1
固定术,15
罐法,2
抑菌,4
用药,79
精神紧张,1
中宜,1
袋深,2
发作,18
两次,2
砧头,1
推广,308
投影,1
医疗纠纷,2
选自,2
使牙列,2
刮,3
色斑,2
成绩显著,1
发牙颌,1
组于,9
淡红,1
脱矿率,8
喷于,2
更好,32
再用,2
严格执行,1
头孢,8
经口,42
度刚,1
西瓜霜,44
前予,1
大幅度提高,1
同意书,2
注射用,9
水来,1
能力,31
末,3
庆大霉索,1
专人,1
负荷量,3
最长,2
萎缩,10
痰量,1
浅型,3
新思路,1
证候,6
预成,36
啉,5
生物力学,1
吻合术,1
摄入,7
针剂,8
注右,2
单核细胞,3
恢复健康,2
基托,5
本组,3
降压,6
孕产妇,2
残灶,1
擦,7
行前,1
综合性,18
采取相应,1
声,2
白术,2
后予,1
并设,1
隐裂,2
脱发,1
第五,1
重要依据,1
眼干,1
统计分析,15
监护室,2
领,3
全身,28
核素,5
促进作用,4
摄食,1
挑选,1
第三,3
神庭,1
值及,1
鸣音,1
清方,9
社会效益,1
真皮,1
口渴,2
深覆深,1
团体,3
外源性,2
附着龈,14
其均,5
颧骨,1
期末考试,2
时机,5
口碑,1
野菊花,1
形态,4
锦华,3
导赤,3
人群,17
新生,4
糜烂面,1
贴膜,7
炎,18
咪唑类,1
吹拂,1
负相关,2
痛,4
曲安,95
族,11
抽,1
气味,3
痉汤,4
并不多,1
硝唑,27
正面,2
拒食,1
同步,15
打印,4
蛋清,4
饮用,1
本市,1
定液,1
散瞳,1
内科,6
兴趣,3
错,10
观测,7
物理,3
认可,2
民族,1
应激,9
矫正器,15
但照,1
术式,2
氟护齿剂,2
超声,9
青黛散,4
有望,1
讲解,2
胶,4
无差别,2
课堂,7
清丸,4
他唑,1
劈冠法,4
钛,31
磷酸钠,10
取适量,1
辛开,1
原先,1
理解,2
特别,3
隔度,1
黏,1
回答,1
仪,6
试题,2
度,74
间接,1
中药学,1
奈达,7
送入,1
单元,1
变等,1
丝,4
对照表,2
热退,2
睡,3
囊,5
地区,1
有近,1
以醋,1
含漱后,1
以岭,1
乳凝块,1
含漱外,1
腮,3
沙利度,15
咽喉,3
皮肤,22
损害,3
搬,1
棉纱,1
度量,1
符合条件,1
高速,27
不良习惯,5
桂林,5
研末,1
生物学,1
状,4
握笔,1
每日,35
口底,1
吡,1
粉涂,1
用冰,1
填塞,7
例需,2
本院,66
密合,11
醇和,1
膜,79
号码,1
高等,1
一系列,2
疗程,114
积极态度,2
凿,3
服毒,4
良好效果,5
安慰,4
受累,2
牙髓,27
晚,2
敷于,1
塞来,4
做好,6
中药方,3
仰角,4
价格便宜,1
指标值,1
化学治疗,3
发声,1
安静,1
外治法,2
电,8
几项,1
教会,1
评定量表,2
金属,26
喉镜,21
具备,10
组无,1
菊花,1
涂,10
济南市,1
冠根,17
我校,1
水可,1
红肿,6
择取,4
中瓷,2
右美托咪定,17
服务,33
细胞因子,1
组和未,1
成形术,3
含漱人,1
牙釉质,35
牙套,6
牙石,1
缓,1
签署,2
诱导,34
诱发电位,2
转矩托槽,1
生长因子,40
组未见,2
党参,1
积极意义,5
采纳,1
获,1
组少,1
中华,1
组由,5
伴,9
西地,16
百草,5
加全,4
检查和,3
上海,1
不用,1
手术刀,1
期时,1
抑菌作用,1
排脓,2
颈缘,7
益口,5
门诊,60
适量,2
陶瓷,2
优质化,1
全口牙,1
发音,1
防龋,20
溢,1
加水,1
平顶山市,1
改进,7
前咽,1
发性,6
推迟,7
影响,319
磁性,4
降,2
小儿,152
更具,3
口腔溃疡,821
蛇毒,4
上海交通大学,2
关,1
数法,1
受试,1
前移,2
例经,14
黄粉,3
无骨,2
其以,1
药膜,7
曲林,1
施治,3
每半年,1
诱导法,4
狭窄,1
涂唇,2
增快,1
球帽式,3
静脉血,1
双层,1
偏高,1
浅谈,3
具,2
纠纷,2
负性,7
类失,2
保健法,3
每月,2
天,115
缓释,3
食管癌,11
外,20
抽动,7
干口胶,3
初戴后,1
阻塞性,10
骀,1
工艺,1
洞洞,3
覆盖率,1
耳环,1
明显降低,45
米,2
护,1
利巴韦,68
口腔卫生,109
吻合,1
表对,1
双极,4
巴氯芬,4
划分,7
长,10
屏,1
面积,34
擦拭法,9
验证,3
感到,3
结缔组织,4
优质服务,1
复苏,1
区域性,3
渐进,2
后续,2
喷雾,14
压舌板,1
侵袭,5
闭塞性,1
优劣,1
消藓,4
聚肌胞,3
一侧,3
牵拉,4
坚强,8
缓减,1
病,44
热证,1
平均分配,1
早日康复,2
枯,3
风险管理,3
复整,2
云山,1
联合,757
祛,3
制备,9
分入,3
肠道,1
大力推广,14
渗血,1
牙髓炎,19
首位,1
后显,2
同学,5
玄参,1
拥挤,1
合成,1
平溃,4
传染性,3
免疫力,4
汕头大学,1
鼻部,6
较前,3
口腔前庭,5
循证,34
猕猴桃,1
聚合酶,2
主治医师,1
张口,39
维持性,4
饲,1
具体措施,1
同意,4
定期,11
断裂,2
孝感市,1
每组,273
伴牙颌,3
保持良好,1
歧化酶,3
充质,2
纤维状,1
凝血,4
桩冠,1
根比为,1
共用,1
袋,1
强的松龙,12
矫正,52
种植体,226
同名,1
性反应,6
病情恶化,1
中经,2
喜炎,3
率有,1
距离,14
节组,3
起到,12
灵活多样,1
氏,7
名患,1
初期,2
清洗,10
导板,10
智齿,22
所受,1
医嘱,1
假丝,7
喷瓶,2
苔癣,17
滋阴,4
卧位,2
可靠性,2
组单,1
重钢,1
大规模,1
官,1
其能,1
生活态度,1
双号,7
灼口,2
口镜,3
组行,8
控制措施,2
滴鼻,4
传递,2
方差分析,1
主内,1
窦内,1
贴压,3
抗焦虑,1
自理能力,1
汤勺,1
活检,3
在此期间,1
上予,2
分泌物,23
新发,2
三叉神经痛,222
组是,1
干燥,15
前未患,1
将牙,1
稀释液,4
参照,17
贴,17
弯,1
乙基,1
祛除,1
依从性,64
镜检,2
瘙痒,1
指标,170
自拟方,1
排龈法,4
组为,67
哪组,1
胶对,1
减缓,2
评析,2
办法,5
分析法,1
血常规,5
解毒,18
通畅,2
平面,4
通,1
轻型,12
胶带,3
氧气,15
巨和粒,2
水对,1
银尔通,7
丁涂,4
独立,7
抑郁症,8
突,8
序列,1
复查,17
尽量避免,1
青春期,5
期间,122
舌脉,1
甘草,53
评述,4
滑脱,2
总,494
碟子,4
性根管,1
磷酸酶,1
日时,1
脱,2
颗数,4
解除,2
有效率,737
评定,24
无创,1
米醋,4
加浓,1
符合标准,2
双糖,4
牙缝,1
少量,4
确诊,21
周边,1
上行,2
专利,1
更是,1
差大,1
三嗪,16
口疳,4
测量,19
吸除,1
消退,65
用养,1
风池,1
内窥镜,3
硝基,1
复合型,1
成人,35
切实有效,1
格拉,2
思维能力,3
白垩,12
法分,1
更广,3
热互,2
尿素,1
必泰,2
显示,11
做出,2
吹,4
胃管法,4
分为,1004
课,1
期及,2
白寸,2
清晰度,3
汤药,2
乳,10
臀部,2
初戴时,1
服务质量,3
病因,3
组均行,2
手术,379
注射器,5
上加服,3
该院,34
考试,9
卡,8
高效,3
中耳炎,3
鼻梁,1
几所,1
安全性,131
复诊,24
问卷调查,20
阴虚,12
气动,1
工作效率,10
养成,5
借鉴,11
干呕,1
清洁度,26
班级,1
妇女,2
始即,1
口服,123
特色,2
器具,1
半衰期,1
休息,3
阴虚内,1
好于,21
体格检查,1
广发,1
汤,73
另加,1
加速,8
失误,1
各时点,5
滴眼,1
冠组,3
胸腺肽,6
风险,21
洁治,6
丧失,15
总生,1
同时对比,2
脉细,1
肌力,3
适用范围,3
菌株,1
脂蛋白,1
随机性,2
成效,3
阿弗,37
喷剂,41
中断,10
间断,2
滴剂,9
可宁,4
组无此,2
计算,7
后加用,1
恢复期,4
肿大,3
精密,3
龈炎指数,2
结局,1
牙面,7
银花,10
可塑,35
安慰剂,5
药材,4
聚合,4
机器人,1
创口,20
,25
阻生,37
灵,1
菌斑控制,6
肿瘤医院,1
丹,1
卡因,13
日常生活,1
消化性,2
病情,29
多为,8
金属丝,1
导尿管,1
组间,89
病种,1
胶囊,27
考核成绩,3
中心,13
乳腺癌,4
苯,1
加快,20
缓解,107
时期,4
碘,34
创造,2
加以控制,1
远移,2
阳性菌,3
实验,50
选用,27
中国医科大学,2
调节,7
鼻闻法,1
独活,4
透明,9
广为,1
参阳方,4
链反应,1
性,116
玻璃,16
隔天,1
暗示,8
依托,1
克雷伯,1
清火,4
咽峡炎,16
及负,2
频次,5
长于,8
方向,3
回归,3
未,51
甲氨蝶呤,20
电话,1
核,9
龋齿,104
总数,21
协调性,2
抽脓,2
伴有,9
良性肿瘤,2
四手操作,39
黄,6
间歇,12
高职,1
状况,74
环节,2
对称,1
无副作用,1
加阿昔洛韦,1
牙列,67
多层面,4
半导体,4
强,5
抗甲素,1
非手术治疗,5
结扎术,3
结痂,1
胃镜,1
上用,4
法对经,4
显效,54
前有,2
针灸,12
合剂,17
成功率,131
性心理,5
易于,7
喉,4
急性期,3
分次,2
脾,1
三解和阳,7
龋,53
盐酸,48
制剂,1
随访,84
间隙,56
药物,122
汤合,4
问卷,9
贝氏液,2
带来,2
底钉座,3
护牙素,5
棉签,9
性咽,1
边缘,19
梢,1
辅以,3
越来越,1
牙周组织,50
使用方便,3
二种,2
污染,2
率为,31
教学方法,15
总体,16
奥瑞姆,2
肺炎,36
获取,6
期初,2
第五批,1
一年,5
采,1
保湿,4
免疫能力,1
显微镜,8
非盖膜,1
单双,11
组非,1
超声波,9
石英,1
海奥,15
凸,2
法将,17
双单,1
经验,3
冰在,1
上颌前突,4
减压,29
标尺,1
锥体外系,1
成熟,3
药业,2
提供,47
残垢,1
穿孔,4
前下,1
个牙位,1
回顾性,11
克,3
危重症,2
疱疹病毒,4
≤,6
坚固,17
残冠,4
符合国际,1
群体,1
协作,2
竖刷法,1
肾移植,8
学习,22
亚群,21
机率,2
清爽,1
适龄儿童,1
每次,31
主动,3
幼儿园,18
解救,1
号,20
后断,3
接诊,6
药效,2
行经,2
近年,2
恐惧症,6
化合物,1
植骨术,5
指定,1
配制,6
瘤,1
短时间,5
冰,10
口溃,4
操作者,1
专科学校,1
肿胀,40
研制,4
宁都县,1
失衡,4
医科大学,4
损处,1
法对,8
毁损,1
医学,15
职业,1
胃管,27
带教,11
介素,20
研究,612
例拟行,2
拭,5
路径,26
尿潴留,1
抗菌,27
不良,26
天门冬,2
风府穴,1
漆,11
自理,6
法,154
取穴,1
应用性,1
量,17
缓和,1
痂,1
恶性肿瘤,40
耳鼻咽,2
漏出,1
芬太尼,18
灵活,4
含有,1
牙合,10
前颅,2
较广,1
珊瑚,1
泵注,14
特定,1
失牙区,1
敷,17
中医疗法,1
卡萨尔,2
地塞米松,45
及冰,1
下颌骨,4
湿润,14
工作,43
诺,6
中医科,2
适应症,2
多媒体,1
机械,69
例有,2
喜欢,1
软毛,2
患病,2
留置,22
视频,10
归入,3
干裂,3
进程,7
清液,5
理论知识,5
紫银荷,4
泵,10
中长,1
牙科,41
升降,2
龉,2
液量,4
目测,1
确切,41
通窍,4
四线,1
苦参,8
依赖,1
北方,1
坏,1
表法,134
印牙模,1
涌泉穴,8
前即,1
天牙,1
开创,1
阳明经,1
前清,1
介人,1
成绩,12
平等,3
经济效益,2
同步进行,1
克感利,4
腺样体,2
甲,20
学会,1
体重,10
厌氧,1
谨慎,1
首程,3
互换,1
法可,5
食欲不振,1
口腔红斑,1
各有,6
一周,5
易,5
益阳,1
加味,32
多导,2
得以,2
及次,1
优越,1
安定,9
疼痛,333
布洛芬,4
法行,1
阿尔茨海默,5
组组,7
重点,4
纳入,19
有利于,50
尾数,1
汤代茶,3
周后体,2
医学院,11
光固化,15
患处,12
泰组,1
及餐,2
区段,1
将行,1
助阳,4
绿茶,4
天时,6
牙数,2
应激反应,5
降糖药,1
于病,1
随机,1247
阻滞,18
舌腹,1
颗恒,1
小型,1
四手,1
书写,1
双,6
加用,21
弹性,6
组且,1
成果,2
他定,1
月份,13
穿支,4
国产,2
起效,16
重复法,4
培养,41
患牙,46
内服,14
菌斑,17
神经功能,4
维他,1
雷击,1
导赤散,3
准确性,1
作桩,1
对照组,4047
复合树脂,18
护理,1663
知晓,1
淤血,1
己定,1
电压,9
接触,5
诊断,28
局部,185
因匹,1
生物陶瓷,4
定组,4
妊娠期,7
妇幼保健,2
对抗,1
胃散,1
直丝,1
之日起,1
厌食,4
血液学,2
切除,23
消失,60
免疫学,2
学术,1
操作方法,4
强及,1
明显好转,7
喷砂,16
钴,29
合知柏,2
重建,25
远取,1
锡类,23
头颅,1
器行,1
科技,2
阿替,6
美观,53
连汤,4
静注,1
舌面,1
众多,1
含漱,79
揭示,1
少,56
洁,1
平,5
第三天,3
多肽,3
发生变化,1
肺癌,11
收效良好,2
历经,1
及冠,2
矫正术,3
水中,1
短期,10
教学法,41
用朵,1
普外科,3
差,36
预定,1
瓷冠,4
小学生,6
饮以,1
对来,1
烧灼感,3
二甲胺,2
辅助,65
急慢性,4
平组,2
但易,1
防御,1
干扰素,28
周时,13
球蛋白,17
瞬间,1
奥美拉唑,4
恐惧感,1
管理体系,1
美感,3
每周,9
改进型,4
连花清,4
碘仿,8
成分,1
百分比,10
爽液,2
癌变,3
制成,3
服清胃,1
封闭剂,9
中安氏,2
最短,2
父母,4
预测性,1
方药,4
技能,15
抑郁,30
内暂,1
方加,4
包括,18
等级,10
提出,1
基,1
管道,4
年内,12
硼酸,5
组失访,1
配套,3
弹力,11
区域,11
甘油三酯,1
皮疹,24
同伴,1
排泄,2
带状疱疹,10
缝合,27
硬,3
为用,1
片段,3
配戴,1
贵阳,1
对象,289
意义,1461
工作量,3
濑,1
等于,2
喷丁,30
用舍,1
介导,1
心脑血管,2
阿霉素,12
牙垫,10
解决问题,1
系统性,8
威灵仙,1
篮球队,1
心肺,4
松脱,1
擦拭,22
口炎,39
优秀,3
自信,1
石牌,1
客观,15
宽度,17
天及,1
身体,3
有段,1
上方,1
失能,2
导航,3
随机抽样,10
参与,5
天津市,1
喂食,1
单号,7
支抗,180
脉象,2
家属,5
摩擦,10
位点,8
淋巴结,9
门诊病人,1
科学依据,5
祛瘀,1
传统,166
顺序,17
前瞻性,9
吸,8
制订,1
协助,7
差值,2
逐次,1
愈溃,5
后行,1
分离,3
精心,1
规律性,1
组错,1
保健,57
在院,1
中药,141
前行,16
逐瘀,3
发型,3
天柱,1
炎性,4
数组,1
调整,1
放射,18
芬,4
种失,1
压,4
厚度,27
植骨后,1
不良行为,1
所中,1
刺络,1
人中,2
研磨成粉,1
粉,12
上应,1
亚,3
内含,3
柴胡,4
组入,2
肠,2
总医院,3
利多卡因,50
研究所,1
眼,2
美托咪定,3
该法,2
宽,6
永久性,1
快捷,2
匹多莫德,13
加长,4
知晓率,15
栀子,2
冠,50
仅能,1
遵义市,1
年,1128
淡竹叶,2
解热,1
金栀洁龈,9
纱布,15
过度,1
远期,37
乳酸杆菌,6
月经,2
冠相较,1
骨密度,7
监护,7
取出,10
忌,1
等离子,6
刺血,2
率,168
方便性,1
对异,3
例和球,1
消化道,7
总得,1
误吸,8
分布,4
临床实践,2
枯中,2
压喉,2
牙菌斑,21
克肟口,3
板,21
更高,9
翻瓣术,6
支杭,2
考核,5
趋势,8
博特,2
本校,2
阻生齿,6
数量,14
哌,7
统计数据,1
根治,8
迟,4
系统化,3
菌,4
总成绩,2
即用,1
关节,18
朵,1
照片,2
差别,21
变化率,2
针药,3
耳穴,3
加奈达,2
结果显示,13
奥氮,4
考试成绩,12
西林,1
水门汀,11
嵌塞,3
打喷嚏,1
胃炎,4
组体,1
上于,3
软组织,27
成活率,6
三年,1
假牙,3
磨,3
瓷牙,1
更优越,1
讲,1
超过,5
龈沟,45
分析,605
巴林,10
目的,1219
小苏打,4
四组,3
石蜡油,5
低水平,1
掌握情况,3
美托咪啶,4
生冷,1
短,19
桔梗,1
清,12
合垫式,1
血液,11
有效性,10
连翘,1
喜炎平,13
脂肪乳,1
主,1
外伤,26
益阴,4
及入,1
中度,10
同期,17
何种,1
氯氮,1
角色,1
标志物,2
金施尔,3
实验课,5
稳定性,14
牙根管,3
全身性,2
当天,5
包裹,2
需经,1
融入,2
体征,38
感利,2
妇科,2
开口,14
及易,1
管在经,1
受惠,1
平面角,2
滋生,1
干症,2
可为,1
万例,1
物,6
培酮,1
淋巴细胞,28
体育锻炼,7
纤维细胞,18
脑瘫,9
琥珀,1
水路,4
原有,1
必兰麻,2
粘接,6
泌尿外科,1
身心,3
备,2
无定形,3
腹部,9
孔,2
血循环,2
低,86
断根,1
渗透性,7
休克,5
组以,7
白斑,34
渗漏,1
氧驱,4
白蛋白,7
出院,13
虚寒,2
湿泄,1
银耳,1
蚤休,1
漱,3
醇组,1
耐磨性能,2
清洁卫生,1
自体,7
拟行,2
利凡诺,2
联合制,2
含服,10
西药,85
骨量,5
多发病,1
氟,34
重症,59
食欲,8
用量,8
雷公藤,4
例共,2
铸造,9
囊腔,1
再生,72
撤机,3
南岗,1
渗率,1
训练组,2
上加,7
冰红茶,4
油,4
腹腔镜,4
派丽奥,4
广及,1
端,3
双数,2
排,1
治疗,5586
节点,2
损伤,141
探测,1
咬口,2
音乐,5
改造,4
截骨术,3
丝圈式,4
重庆,1
五,11
总共,2
基础训练,1
拔出,3
管理制度,1
颌间固定,5
法翻,1
破裂,7
满月,2
报告,3
完全缓解,4
认知率,3
设计,9
混悬液,2
该类,1
龋病学,4
习惯,13
患牙均,2
干及,4
传统模式,1
足底,1
右,3
失访,1
周,179
对经,9
低剂量,6
疗程短,1
硫眯,1
濮阳市,1
完骨,1
含漱水,1
各组,23
比较满意,1
脾虚,2
火热,3
﹤,6
漱口液,94
死亡,3
复合膜,8
α,50
排异,3
施以,8
近距离,3
智能,1
泽泻,1
研,1
很大,3
嚼,1
效于,1
小于,30
分散片,1
肌,8
全面性,3
丙,4
单盲,3
易行,1
免疫调节,2
恐怖,1
散剂,4
乌蔹莓,4
软件,7
清泄,1
凸度,1
煅烧,3
另一组,3
锻炼,8
思密达,20
氧化电位,7
为牙体,1
微血管,15
吞咽困难,8
总费用,2
收敛,6
预备,13
度及,4
行下牙,2
性肺炎,92
院所,1
高金,16
康,3
抗真菌,2
氨,6
较优,1
锥形,2
性功能,1
主动性,2
拍照,1
各为,1
快于,1
从根本上,1
戴用,10
二聚体,3
优良,3
缺,1
需求,5
现象,8
疑虑,1
中有,8
参考点,1
骨质,1
单颗,4
锌,10
重复,3
可切除,1
两项,4
摘,4
化,7
合格,3
芦荟,4
平均分,1
六,5
阿昔洛,1
咽部,37
皮试,1
借助,1
破溃,2
套筒,14
蜡型,3
白介素,15
效率,52
洗必泰,10
推进,1
对乙酰氨基酚,1
并发症,236
分号,2
穴位,28
院,2
及早,3
影像学,5
一组,10
四环素,3
照射,19
受,1
滴蜡,4
体现,1
基台,2
白色,4
化湿,4
微型,120
拔管,22
重组,48
日期,1
禅城区,1
手足,151
处于,2
行非,1
内及,1
团结,2
剧烈,3
底部,1
门下,2
镍,1
减为,1
知情,2
增高,7
二氧化氯,1
代谢,6
嘉定区,2
有效成分,1
翻瓣,32
深度,66
频数,2
进展,1
劈骨,1
创,4
咽喉部,4
患者,4981
普萘,4
中医药,8
克感利咽,5
黏合剂,1
全口,7
华蟾素,10
就医,2
回,1
康复,197
完毕,1
差均,3
奈德,97
全方位,1
细菌性,4
热凝术,17
中体动,1
心理,99
特殊性,1
压积,1
成型,17
身体健康,1
质型,1
平复,1
心功能,1
按摩,18
无水,1
牙种植术,22
急诊,4
冰硼散,7
隙,4
消化系统,1
牙颌,1
混合,6
力下,1
痛感,3
组共,6
窝内,4
周三,1
值分,1
颌下腺,1
曲面,2
人性化,5
血糖,15
残留,9
摄影,7
明显改善,40
下经卵,1
咪,10
提升,71
屏风,4
主体,1
帽式,4
养阴汤,8
优化,3
胃管经,1
机理,3
四个,1
灌注,5
呼吸,32
自锁式,4
状态,28
张力,1
发红,2
截冠,1
术后,501
炎琥宁,26
睁眼,2
精神病,2
出血量,10
用顺,1
代价,1
超敏,1
疾患,8
中中,1
顺利,1
水煎服,1
含量,16
护士,13
染色,8
发生,349
目标,8
不失为,1
缩短,120
实,1
执行,3
行自拟,1
浸湿,1
醇差,1
分表,1
素,4
厌氧菌,21
辅助性,7
骨科,1
禁食,11
下行,7
碘酚,3
粒,3
知觉,1
年时,1
泌乳素,3
饮水,12
冲洗,99
盖膜组,1
三号,4
四氢,2
托盘,8
银离子,8
产,2
银钩,1
镜像,4
顺利完成,6
例为,34
步骤,3
全麻,33
序贯,8
之内,1
变形,6
未予,1
苗药,1
透视,1
表皮,23
可行性,17
天高,1
中行,3
菌斑指数,61
弯制,2
屈曲,4
山区,1
组数,1
监督,2
腹胀,5
服平溃,1
冰敷,4
患儿,459
稍高于,1
齐整,2
尖周,2
相较,5
更快,1
安舒能,1
胰岛素,5
河源市,1
深,11
早中,1
罐,2
涎,1
操作,75
进食,21
功能性,1
末端,1
早发,3
胶原,3
表示满意,1
固定,202
化疗,191
采取任何,1
例脑性,1
可塑性,2
中心医院,5
石上,1
数为,3
扁平,17
化石,1
微生物,2
口服药物,1
溃疡,256
麻黄汤,4
紫外线,4
渗液,2
基础,307
肾上腺素,7
满足感,1
第三磨牙,16
特尔,11
釉质,12
曲马多,1
术前,9
科学研究,1
可靠,13
绝大多数,1
医治,1
细胞,27
黑龙江省,1
会议,1
思维,2
小组,4
流程,15
骨组织,3
肝炎,4
床旁,1
酸性,11
两型,1
自我,17
鼻腔,19
二,5
科学,6
探索,12
漱液,4
奥威尔,4
听诊,2
后经,2
予利,1
程序化,1
负压,42
摘式,1
指数,129
痛苦,35
上升幅度,3
铰链,4
本病,1
湿滞型,2
组加,2
干,36
消融术,1
弧形,1
血红蛋白,6
南阳市,1
合适,7
延缓,9
沟,17
行可摘,1
福州,1
苔藓,7
包含,3
脑卒中,62
糊状物,1
仅予,3
外观,6
二组,16
腰背痛,1
省时,1
寄生,4
阿司匹林,10
破除,3
颈椎,11
食管,1
预测,3
异,4
疗养院,1
游离,13
热清,4
实习生,4
右美托咪啶,13
加温,3
创处,1
体在,11
积聚,1
腔,6
紧密结合,1
糜烂,83
病痛,1
数值,7
保健院,1
复检,1
无菌,9
抗原,1
植骨区,4
饭前,2
交替,9
分泌量,2
激发,4
牙石指数,2
日来,1
一氧化氮,1
颞,13
苗药口,4
制,5
该次,1
种调,1
及吸,2
胆碱,1
软膏,36
较卡介菌,1
时间,767
心动过速,2
内一科,1
横,2
白日,1
软垢指数,5
球旁,1
咽拭,1
三餐,3
简便,11
精确性,3
林,64
组托槽,2
基本相同,2
肿瘤,91
四院,1
根除,10
牙齿,158
核冠,1
西帕依,17
硬腭,3
低于,484
图,2
口含,5
龋蚀,1
免疫,43
缺失,27
它性,3
牙周袋,32
晚发,2
缠绵,1
连术,2
支应,1
形象,2
氦氖,4
及弃,1
外敷,16
驱动,7
及骨,3
第九,2
即为,4
连用,8
工程技术,4
有待,2
针刀,3
偏关县,1
饮合,3
推注,1
更佳,9
上部,1
前臂,4
昔康,4
用药治疗,11
例在,9
干槽症,2
脑脊液,1
甚为,1
长托宁,3
钯,3
障碍者,1
清洁,59
式,27
前磨牙,9
测定法,2
营养,43
占诺,3
涡轮,11
调控,1
症中,1
并滴,1
口服液,41
阶梯,6
前突,1
骨粉,4
瘘,3
选,3
健康状况,11
口干,10
组上,4
印堂,1
管率,1
出科,5
实施,180
知母,1
大出血,1
报道,6
操作技能,4
表格,1
动态,6
昆明,3
明显增加,7
缺隙,1
鳞癌,12
含氟,12
内均,1
冲吸式,12
肠肽,3
体质,1
刺激,41
贝复剂,4
评量,10
抽样,3
裂,2
抽吸,6
固位,14
诊疗,6
心率,47
疗法,66
步法,5
学龄前,8
专业人才,1
大大提高,2
三年制,1
本科,5
后于,1
生成,1
率达,1
很快,1
蒙药,4
药后,3
死腔,1
赋形剂,1
人数,18
后痛,1
味,4
大班,1
针刀加,1
周病,6
服用,31
医用,7
变性,2
效果,1519
单冠,12
位移,16
原则,33
树立,1
间质性,2
入手,1
中未,1
流动,4
辅治,2
冰冻,7
率上,1
系统,61
三季度,1
喹氯铵,1
生活,79
含液,5
率较,1
呈现,2
替扎尼定,4
舌缘,1
方法,1686
耐腐蚀性,1
检出,7
专家,1
督促,1
不美观,1
热水,2
按压,5
课题,1
热,9
斑牙,2
血流,11
右旋,2
印模,2
益气养阴,2
口外支抗,2
一人,1
个性化,39
及西,1
性质,2
检验,23
先天性,5
行全喉,3
开放性,1
仅以,1
对照,39
秩,1
错合,5
外科学,3
布地,3
个体化,18
补中,4
速度,11
外出,1
器组,1
理论,20
牙隐裂,3
早晚,4
阿托品,5
分支,3
透析,4
固定性,1
扁平苔藓,155
有限元法,4
助推器,5
补骨脂,4
肝功能,9
牙体,30
卡介菌,16
抗生素,27
列表,1
佩戴,10
良好率,2
棉棒,5
引导,48
心肌,13
这一,1
住院日,1
精神,6
音,2
托,3
提前,1
服药,17
软垢,2
规范,8
鹅口疮,30
例安氏,2
通气管,4
上均,7
停药,7
单项,2
水浸,5
抽签,14
临床意义,10
晚饭,1
贝复济,1
钢丝,5
周期,17
切开,29
视野,5
含,7
实践,10
间歇期,7
代,1
记忆,3
更长,1
冰袋,2
头位,1
褥疮,2
一届,1
绩优,1
丁组,2
采用,1015
调和,1
调查,26
血沉,1
体验,1
生活习惯,1
所得,1
白眉,4
术创,1
临床,2061
螺钉,28
生,2
湿化,13
高出,1
颞颌,2
功能障碍,4
比例,39
合金,34
白膜,2
吃零食,1
图像,3
自配,16
辅导,5
已有,1
食物嵌塞,2
粘结剂,1
苦,4
一例,1
笑,6
牙槽嵴顶,2
美洛,1
实用价值,1
头晕,3
气虚,1
病行,1
依赖性,2
乳头,2
反流,1
错牙合,5
引入,2
值均,8
材质,1
例均,2
初戴,2
语言,14
正确性,1
本次,14
组与,135
胎龄,4
更优,6
第一,28
高分辨率,1
低密度,1
患有,13
置,1
猴,1
理疗科,1
根尖周炎,4
移位,37
继发龋,4
°,21
总苷,18
手持,1
偏低,1
中山,1
咀嚼,57
组以兰香,1
机制,16
以非,1
戴,3
组都,1
密切联系,1
以往,1
少且,2
护患,3
临时,1
组用济,1
氟斑牙,2
教学效果,19
足部,3
床头,5
级外,1
防护,4
相比之下,1
分段,1
刷洗,11
肿节风,4
区痛,3
两所,1
反复,8
牛,16
二者之间,1
转薄,1
体像,4
止痛,14
饱和度,8
可简化,1
年龄,21
正式,1
骨代,2
及行,1
分度,6
例行,25
后骨,2
颌间,4
成骨,3
收缩压,10
自觉,1
口病,134
普通外科,1
他赛,9
转矩,4
皮炎,1
改变,30
复发率,146
首选,4
支持,40
最终,6
统计学,1471
年间,1
黏稠度,2
罹患,2
虚弱,1
种植义齿,18
孕期,6
引导性,3
颧弓,1
一种,46
工艺技术,4
水合,3
无效,56
间术,1
特异性,1
造影,1
组降,1
冠折,6
教授,2
组织,61
散及,5
遗忘,2
抹,1
分型,2
广泛应用,7
深入研究,3
几率,5
组患牙,2
韦对,1
呛咳,7
洗中,1
面,11
高压氧,22
三合一,4
模糊,1
入,1
方剂,6
蒲公英,1
天数,33
协作组,1
补充,6
有机,1
机选,1
嗽口,1
保护器,6
程度,262
软件包,11
宣传,2
时,154
口腔学,1
组有,12
辨证论治,1
树脂,31
行牙,3
乏力,1
专业技能,1
硝酸甘油,10
成功,11
缺牙,5
茶多酚,2
氟烷,12
远,2
值外,1
儿童,234
丹参片,4
推广应用,162
并作,3
优选,1
皮贴,1
次症,1
尚未,1
鲜,1
涂上,1
蜡型制作,1
交互,3
面罩,1
眶,3
方式,111
节约,2
副反应,3
还原型,4
棉卷,2
针筒,2
强力,1
数字,168
喷壶,1
窒息,1
五年制,6
保护,17
标准,44
两侧,3
加量,1
增加量,2
双手,1
胃部,2
并发,28
粘膜,5
试,1
果泥,1
移植物,1
剪,1
所用,3
洗脚,2
情度,1
起着,1
蛋白质,1
及视物,1
居多,1
涂擦,4
密切相关,1
扩张,7
组织学,1
两端,1
生存,30
转移,2
湿化液,1
对后,1
法等,1
哮喘,4
引流术,11
尿常规,1
近中,3
结束,77
其会,1
异同,1
准确,4
干燥症,5
利用微,1
该文,1
对乳,2
痛苦不堪,1
偶数,3
组长,2
赤芍,1
指配,1
连续,37
西,2
谷胱甘肽,4
萌生,1
活动,43
等同于,1
局麻,11
反应时间,3
注射液,114
粉撒,1
拉莫,16
时服,1
点后,1
前较,1
容易接受,2
牵引,23
涉外,1
热盛加,1
开窗,11
十二指肠,1
口外,11
年限,1
线,4
修形,4
阿氟他,3
比色,2
可摘,9
例入,1
接受度,1
脱敏,9
边界,1
敏感性,1
叩,1
异味,48
长沙市,1
行抗,1
电凝,4
液,37
盲袋,1
充血,10
口疮,12
失眠,2
早期,48
中牙体,4
安徽省,1
腺样,4
谱,4
三次,3
面对面,1
痉挛,1
斑,9
催乳素,4
命名,1
九尔口,2
采样,4
固定物,1
苯海索,1
天氯己,1
结论,1218
即卡介菌,1
粘合,3
溃烂,5
西吡氯铵,39
治愈,46
生肌散,1
不可避免,1
单胞菌,6
呼末,1
难易,1
沟通,6
动脉,12
伴随,1
两类,1
评,1
复发,114
清心,3
各项,32
事件,13
未行,1
声门,5
恒牙,12
甘氨酸,4
血压,38
主导,4
退烧,2
生理盐水,99
外治,1
结证,2
改建,1
计入,1
级,95
加腔,1
危险,1
喷丁组,7
拭子,19
优秀率,5
案例,13
周内用,1
眼膏,2
样,2
难愈,1
天津医科大学,1
高血压,8
段,1
敷料,4
甲组,10
组合,7
固龈液,17
大面积,3
脱矿,40
贯新克,3
次要,2
于排,1
窦外,1
气雾剂,19
湿敷,2
滴丸,4
与术,5
小牛,5
麻醉药,1
紫草,4
崩解,38
累计,7
侧位,2
同仁堂,1
支气管,1
手段,4
配准,1
前端,1
进餐,2
比较突出,1
涂氟对,1
特,4
给予,528
学校,1
咬合,28
抽样法,1
每人,1
数据,45
送检,2
测试,3
崩,1
百合,14
对牙槽,1
阿昔洛韦,11
切实,1
维度,3
异型,2
清远市,1
填充,3
片仔癀,5
杭州市,1
木通,1
满意度,308
疼痛感,12
三壁,4
及园,2
对口,2
双重牙列,1
羟,1
物质,1
饭后漱口,3
一共,1
牙膏,35
知识讲座,1
固定装置,2
定位,7
手术过程,3
问诊,1
课后,1
汤加减,5
体,49
睡前用,1
甚佳,1
子菌落,6
中均,1
牙结石,3
背景,6
含漱银尔通,1
整形术,4
漆是,1
持久,1
病历,1
液中,11
该病,2
种植,343
鱼肝油,3
率及,7
骨刀,4
项,6
级者,1
天则,1
收益,1
期对,2
陈皮,1
两者之间,2
疗效显著,98
伤,1
我科,18
服,1
连接,4
白方,9
确保,4
率低,2
汤能,1
程序性,3
贝复,6
共有,4
组误,3
吡氯铵,4
用亚,1
住院部,1
例和氯,1
粉末,1
在家,1
不适感,3
观察期,1
略高于,2
缺损,133
中起,1
稀释,2
菌落,32
此种,2
位置,7
探究,58
渗,2
抗凝,1
学习成绩,2
中风,8
径路,9
单发,1
胶能,1
洁牙,4
危重,16
颅脑,6
史,1
胸外科,2
过缓,3
抗氧化,4
同种,1
鼻,18
不锈钢,6
埋伏,10
借助于,1
,2
碱性,17
苏醒,9
矫治,105
糖尿病,50
牙龈瘤,1
设置,2
选定,1
恩施土家族苗族自治州,1
补片,5
肥大,1
例清,1
扁桃体炎,18
持久性,1
输注,4
预防措施,6
口腔炎,196
通过观察,4
组比,6
作用,134
滑动,1
绍兴市,1
附属,12
坠积,10
养阴益,4
效果显著,92
承受,1
疤疹,2
平行,7
昔康片,1
调配,1
呋喃西林,3
探析,17
易发,1
用型,1
侧,2
水平阻生,2
模拟量,3
相关,138
总和,2
要点,1
中西医,178
社会关系,1
短于,83
冰汤,4
巨和粒加,2
电脑,4
筛选,5
仪时,1
感染者,2
植体,5
水肿,9
初诊,7
高达,8
转氨酶,1
半侧,1
地黄丸,6
患病率,3
建立,2
颌骨,24
仅为,3
直至,7
齿,3
加强型,1
认知,28
合理化,1
有益于,2
均予,6
少许,1
点咽,1
记分,2
针刺,26
少于,51
小剂量,4
相容性,1
晚餐,3
延期,9
压迫,3
水疱,1
院内,3
脏器,1
加力,1
疤痕,1
核酸,24
依从,4
轻于,2
采集,5
邻牙,2
黄散,8
信心,3
血流量,2
个性特征,1
既保证,1
素处理,3
病症,2
平台,3
及排,1
元参,1
数目,9
共入,1
月行,2
性变,13
小时,1
所选,3
发,1
措施,82
口,84
胸科,4
西咪替,18
西医,74
餐后,7
表面,13
达标率,1
高龄,4
双黄连,15
贴于,1
激光治疗,18
护齿剂,1
后易,1
溃疡面,29
呼吸机,111
围术,3
盘前,4
周内分,2
个数,1
瓣,25
牡丹皮,1
每隔,2
根比,2
冰镇,1
齲,1
氯雷,1
于口,1
隔离,2
另一侧,3
轮状病毒,4
后期,3
前牙,84
纤支镜,4
牙,181
磨牙,73
合,3
夜间,1
伏火证,3
这类,1
激素,11
叶酸,6
阿片类,1
头颈部,51
活跃,5
实验者,1
长时间,3
大便,1
未能,1
汤剂,11
内需,1
清热,29
时需,1
防,1
收诊,3
成,21
单纯性,1
安全可靠,19
吴茱萸,7
组及,17
吸入,44
适合,10
年于,1
行微,1
广州,2
外弓,1
同等,1
检出率,10
将备,1
菌种,3
用银荷,3
三叉神经,16
概率,15
量少,1
诸多,1
其乳,1
行共情,1
丁象宸,1
征象,2
我市,1
中取,1
病史,2
试验者,1
影,2
创新型,4
简化,5
意外,4
自信心,1
瘪,2
制菌,1
毕业,2
组和西,1
干预,584
对糖,3
摩擦力,1
保健知识,6
局限于,1
麻木,2
鱼腥草,8
脑外伤,4
最低,7
医护人员,7
下降,64
扁桃体,9
戴入,2
凉膈,4
滴入,2
专案,6
止痛剂,1
值为,6
器,39
利用,13
缘外,4
根面,12
温度,2
他克莫司,30
污垢,7
判定,12
连续性,1
人力,2
内容,6
β,20
高危,3
中需,1
正压,3
交叉感染,1
阴,1
牙长轴,1
芍药,4
实验组,533
嘴,5
生命,9
银翘,4
可减轻,7
第四军医大学西京医院,1
印迹,1
随机取样,1
痛域,2
牙龈退缩,6
云南白药,26
回访,3
虚拟,2
硫化氢,1
金银花,10
态度,2
产科,1
弓丝,3
开裂,1
头颈,6
天口,1
行窝沟,1
祖,2
旋转,6
联冠,9
无砷失,3
反射,5
感觉运动,5
学生,82
接,10
皮褶,1
对比性,1
结构,3
煎服,1
危象,2
散,60
促使,6
在校,1
咬,7
上牙,1
投诉率,2
长期,29
汽水,1
动态平衡,1
松动,39
腭杆,2
难易度,2
镇静,24
予以,56
流体,4
生理功能,1
三钙,1
无植骨,1
压入,1
含化,1
白开水,1
植入,41
出色,1
操,3
压氧菌,1
肌注,5
病人,159
取,5
皮下注射,4
耐德,2
白血病,67
亚砷酸,1
肽,49
流涎,8
唇角,2
穴,1
积分,31
吸收量,1
按入,1
值得,445
发育不全,1
上洁治,1
教学,68
好且,3
提取物,8
制霉菌素,42
表法分,1
半年,19
胶喷于,1
射干,4
丙泊酚,11
核黄素,8
成长,1
秦,1
杆菌,2
表现,10
计算机,2
中弓丝,2
利湿,1
肯定,3
阿立,35
大黄,1
热凝时,1
过渡,3
分钟,2
显微,1
肌无力,1
根管,51
桩,107
低等,2
棒,3
阶段,21
性好,1
共计,10
监测,6
环切术,2
阴沟,1
链球菌,6
敏感,3
生产,2
受试者,8
邻面,5
赝复体,2
型率,2
到达,2
大于,22
待牙窝,1
辐射,1
淀粉,3
含片,42
丹红,4
化器,4
体会,30
减低,2
语音,4
眼睑,4
正,11
心电图,1
输血,1
溶菌酶,1
注射剂,4
血气,2
窄,4
组予,17
血管,6
处,8
稳定,19
菌群失调,1
体对,1
镇痛,27
腺苷,8
控制,48
差异,1608
双侧,2
康液,4
有利条件,1
检查,49
修整,1
体颈缘,1
相结合,11
对症,25
时点,8
滞留,5
胃肠功能,6
冰对,2
恢复,111
铜绿,1
时间推移,1
原发,5
颊面,1
黏度,4
对微,1
示教,1
冠对,2
煎,8
组均,29
一个月,4
米诺,21
知识,44
佛山市,2
舌体,2
林及,3
中奥,1
卫生院,2
清利,4
微调,4
择区性,2
合金材料,2
千金,4
满足条件,1
指征,1
天河,1
临床经验,2
抗,5
分数,1
优者,2
酵母菌,7
发挥,5
七叶,3
丙氨酸,1
地骨皮,4
角膜,1
组第,2
富,4
学院,2
尽快恢复,1
差者,2
器械,2
调成,1
材料,86
直流电,4
护理学,2
苦降,1
吊桶,3
非劣,1
较晚,1
教学改革,1
覆盖义齿,6
痊愈,44
并用,7
自主性,1
拟,1
老年人,10
不予,1
体外,1
长远,1
设,1
株,10
备牙,1
和平医院,1
Ⅴ,4
严格遵守,1
心脏,4
艹,1
支,6
且牙体,1
意识,10
性能,9
选择,230
将来,1
灶,1
分牙法,1
高且,1
龈瓣,3
计算机软件,1
抗毒,5
肿痛,5
抗癌,5
进一步提高,2
乙丙,1
中央尖,5
女,13
点有,1
独特,1
餐前,3
调匀,1
病菌,2
龈袋,1
黏膜炎,153
视,2
幸福感,1
组内,3
临床教学,5
洼田,12
专用,8
经络,1
清扫,11
呋辛钠,1
神经内科,14
咳痰,4
河北,1
两周,3
组热退,2
一项,1
冰粒,1
用水,1
冲下,4
胃,12
软胶囊,2
齐齐哈尔市,1
放松,9
硬化剂,2
全层,3
致病,1
清醒,8
及口,2
消毒,15
后植骨,2
实时,1
病灶,1
完,3
折,1
规划,1
确实,1
恐惧,8
致病性,2
氨酸,1
麻醉剂,1
老年,113
每例,2
在短期内,2
浅析,5
混悬,1
取药,1
较大,12
基尼,1
生甘草,1
摄入量,1
动力学,12
评为,1
粒细胞,5
理实,5
推拿,4
涡轮机,12
郁火,1
保留,11
效检,2
仅行,2
漱口,80
教学相长,1
周至,1
喷丁比,1
三个,3
固定桥,1
改善,294
宝含,4
升麻,2
维生素,187
冰片,4
解毒片,2
卟,5
牙弓,18
失败率,3
背排,1
颗,87
停服,1
性溃疡,7
饮,9
中隐裂,2
回忆,1
糖,8
电子探针,1
快且,1
抑制作用,4
过程,103
脱水,2
直视,6
含聚维酮,2
主观,7
黄汤,2
医,2
牙周指数,22
切割,4
医疗,8
内外,1
关闭,2
愈显,5
学科,1
行口,1
康复训练,5
正畸力,2
组备,1
清晰,10
半胱氨酸,3
非,26
男性,7
石辛组,3
中医院,2
快速,33
原,1
口腔疾病,41
抗感染,10
配备,2
辅食,1
活血,18
公司,1
氟化物,3
甘露醇,5
室,1
择期,5
积热型,5
高强度,7
干痛,1
矫治器,41
以此,1
贝氏,1
二氧化锆,17
汉密尔顿,2
融合,2
醋酸,39
冠心病,8
更强,2
氟醚,1
微循环,3
诺贝尔,1
后患,1
早日,2
封闭式,1
热毒,1
光学,3
基线,13
病理学,1
极佳,1
阿莫西林,4
运动员,1
行根管,1
制作方法,1
组和,329
粘合剂,1
授课,1
中老年,12
窝,13
创面,42
健康成长,2
克林,4
芝麻油,4
剂,28
颈,7
出血指数,51
离子,16
加减,15
将经,1
鼻咽癌,140
其口,1
角形,2
胃火上,1
列,2
跟踪,2
化组,2
但同,1
分组,58
甲硝唑,27
量化,1
器较,1
血液病,4
接法,1
卡马西平,91
互动式,5
参考,17
成都,1
自主,3
丁硼,8
现将,2
宣传教育,1
微,49
教学模式,37
均经,1
工,1
联用,4
难以,1
向阳,1
卫生,3
松牙,2
上调,1
测试法,3
垫,2
糖腺苷,16
慈溪市,1
﹪,3
刷牙,65
次之,1
开胸,1
口护时,1
可视,6
全景,4
氨基,1
行之有效,1
减退,1
例患牙,1
单药,1
三联,5
石质,1
下午,1
辛辣,1
高素质,1
色调,1
钉行,3
艾灸,4
肌肉注射,7
心动,4
比亚,4
蒙脱石,14
角度,5
蓝,12
脑性,3
发育,4
台,6
类药物,4
期内,5
回收,1
青霉素,2
施行,7
期均,1
舌苔,9
烧伤,8
住院费用,6
数据资料,2
免费,1
聚烯,1
间隔时间,11
肌内,1
院前,2
预防,278
腺瘤,1
细辛,8
一次性,19
灰白,1
脑电,1
汤加,4
湿热,4
融洽,1
饮食,27
门诊患者,14
教师,6
助攻,4
革兰,6
平致,1
稳妥,1
失牙,1
蛋白,20
对牙,1
综合,167
安氏,5
仅用,1
低龄,3
发病,3
杀菌,4
舒必利,4
注射,102
对吸,2
天即,1
选出,1
片组,3
为冠远,1
牙周病,82
椅旁,2
含硫,1
热量,2
桑寄生,1
时间段,1
内科病房,1
组除,6
表达,16
露齿,1
分子,2
热剂,1
真菌,69
诚,1
牙周膜,7
数无,2
人际关系,1
负荷,3
肺,3
力组,1
双花,14
愈疡,2
费用,15
覆盖,18
铬,9
余牙,4
注入,2
重型,7
儿科,5
组中,16
邻,2
简单,30
腭裂,4
手推,2
经皮,6
喷,13
浮肿,1
保障,2
不受,1
外侧,5
率高,1
需,29
封闭,37
特征,5
证据,1
品种,3
河南,2
圆孔,1
可复性,4
牙本质,4
下移,2
χ,54
学期,1
填充物,1
泛酸,8
冠行,2
遮盖,1
大肠,1
调查表,5
水汽,4
于术,5
生长,10
牙冠,11
白细胞,33
纤维化,5
导萌,3
之上,6
软硬,10
分配原则,2
分娩,1
引流,20
特设,1
风府,3
低危,4
血管瘤,21
困难,16
出弃,1
调动,1
全,5
用时,2
萎缩性,4
进一步,38
小学,1
医学生,1
不安,1
顺利进行,3
舒适,30
洁治术,1
弃用,1
正确,9
方丝,1
酸,9
广谱抗,1
成本核算,2
半月,16
改性,7
物表,2
病症状,1
日,9
养阴生,4
及曲安,1
牛黄,12
回收率,1
实习,19
结构化,1
美学,42
时均,4
周末,17
依次,6
涂漆,1
喉风,5
多重,1
满意,49
止血,29
病损,13
泻心汤,31
多例,1
卓类,1
例予,3
创腔,1
右美托,2
液含,4
其负,1
后以,1
较为理想,4
致病菌,9
课程,6
易为,1
防风,1
不良率,1
降颅,1
颗待,1
疲劳,1
观察,3019
白塞氏,11
艾滋病,10
不具,1
行使,1
非甾体,1
药膏,1
试行,2
例肯,1
卡环,1
天均,1
商品,2
染色法,1
方在,1
菌素,4
科经,1
时及,3
移植术,8
肿瘤科,1
值有,1
管理模式,1
改用,1
最小,3
意可贴,1
活剂,6
腮腺,5
利咽,4
集落,5
去除,8
简易,1
及氨来,1
壳聚糖,8
哌唑组,1
玉,4
资料,52
松软,1
再进,1
冰绿,1
因后,1
满意率,40
崩瓷,2
一两周,1
滞后,1
及误,1
胃肠道,17
欧伯宁组,2
演示,3
切开术,2
病儿,2
学期结束,1
鱼,4
及床,1
曾用名,1
波动性,2
天麻,4
后吐出,1
保存,3
